﻿pos_x,pos_y,rotation,side,designator,mpn,pack,footprint,value,mount_type
164.85,-35.375,0.0,top,J1,,,PinHeader_1x01_P2.54mm_Vertical,Gate Out,tht
25.5,-41.775,0.0,top,J2,,,3MM Pad,12V In,tht
178.1,-41.775,0.0,top,J3,,,3MM Pad,To Coil,tht
38.985,-31.295,0.0,top,Q1,,,TO-220-3_Vertical,IRF6215,tht
51.985,-31.295,0.0,top,Q2,,,TO-220-3_Vertical,IRF6215,tht
64.985,-31.295,0.0,top,Q3,,,TO-220-3_Vertical,IRF6215,tht
77.985,-31.295,0.0,top,Q4,,,TO-220-3_Vertical,IRF6215,tht
103.985,-31.295,0.0,top,Q5,,,TO-220-3_Vertical,IRF6215,tht
116.985,-31.295,0.0,top,Q6,,,TO-220-3_Vertical,IRF6215,tht
129.985,-31.295,0.0,top,Q7,,,TO-220-3_Vertical,IRF6215,tht
142.985,-31.295,0.0,top,Q8,,,TO-220-3_Vertical,IRF6215,tht
