﻿pos_x,pos_y,rotation,side,designator,mpn,pack,footprint,value,mount_type
194.2875,-61.76375,180.0,top,C1,,,C_0805_2012Metric_Pad1.18x1.45mm_HandSolder,1uF,smt
153.3,-99.675,90.0,top,C10,,,C_1206_3216Metric_Pad1.33x1.80mm_HandSolder,10uF Tant,smt
153.525,-105.375,-90.0,top,C11,,,C_1206_3216Metric_Pad1.33x1.80mm_HandSolder,10uF Tant,smt
158.8,-104.7,-90.0,top,C12,,,C_0805_2012Metric_Pad1.18x1.45mm_HandSolder,100nF,smt
158.95,-109.8375,90.0,top,C13,,,C_0805_2012Metric_Pad1.18x1.45mm_HandSolder,100nF,smt
153.375,-111.05,90.0,top,C14,,,C_1206_3216Metric_Pad1.33x1.80mm_HandSolder,10uF Tant,smt
131.8,-110.075,90.0,top,C16,,,C_0805_2012Metric_Pad1.18x1.45mm_HandSolder,100nF,smt
143.9,-109.2,-90.0,top,C17,,,C_0805_2012Metric_Pad1.18x1.45mm_HandSolder,1uF,smt
198.9625,-61.73875,180.0,top,C2,,,C_0805_2012Metric_Pad1.18x1.45mm_HandSolder,1uF,smt
137.4,-110.325,90.0,top,C20,,,C_1206_3216Metric_Pad1.33x1.80mm_HandSolder,10uF Tant,smt
184.45,-72.06375,0.0,top,C3,,,C_0805_2012Metric_Pad1.18x1.45mm_HandSolder,1uF,smt
188.85,-72.06375,0.0,top,C4,,,C_0805_2012Metric_Pad1.18x1.45mm_HandSolder,1uF,smt
189.23,-79.00125,-90.0,top,C5,,,C_0805_2012Metric_Pad1.18x1.45mm_HandSolder,1uF 50V Cer,smt
178.925,-97.6125,90.0,top,C6,,,C_0805_2012Metric_Pad1.18x1.45mm_HandSolder,100 nF,smt
135.53875,-97.06,-90.0,top,C8,,,C_0805_2012Metric_Pad1.18x1.45mm_HandSolder,3000pF,smt
158.9,-99.3625,-90.0,top,C9,,,C_0805_2012Metric_Pad1.18x1.45mm_HandSolder,100nf,smt
127.575,-65.825,-90.0,top,J1,,,PinHeader_1x03_P2.54mm_Vertical,Serial,tht
122.825,-87.615,180.0,top,J2,,,PinHeader_1x04_P2.54mm_Vertical,RGB LED,tht
135.2481,-87.5506,180.0,top,J3,,,PinHeader_1x12_P2.54mm_Vertical,Arduino Out 1,tht
175.4731,-87.7456,180.0,top,J4,,,PinHeader_1x12_P2.54mm_Vertical,Arduino Out 2,tht
202.95,-91.275,-90.0,top,J5,,,PinHeader_1x01_P2.54mm_Horizontal,MOSFET Gates,tht
130.83875,-98.375,180.0,top,J6,,,PinHeader_1x03_P2.54mm_Vertical,Signal In,tht
187.25,-56.475,90.0,top,P1,,,PinHeader_1x02_P2.54mm_Vertical,Power In,tht
122.425,-73.85,180.0,top,P2,,,PinHeader_1x02_P2.54mm_Vertical,PushButton,tht
191.9,-78.25,0.0,top,R1,,,R_Axial_DIN0309_L9.0mm_D3.2mm_P12.70mm_Horizontal,470 Ohm,tht
184.43,-89.00125,0.0,top,R2,,,R_0805_2012Metric_Pad1.20x1.40mm_HandSolder,100 OHM,smt
129.15,-79.65,0.0,top,R3,,,R_0805_2012Metric_Pad1.20x1.40mm_HandSolder,220 Ohm,smt
129.175,-82.825,0.0,top,R4,,,R_0805_2012Metric_Pad1.20x1.40mm_HandSolder,220 Ohm,smt
129.175,-85.775,0.0,top,R5,,,R_0805_2012Metric_Pad1.20x1.40mm_HandSolder,220 Ohm,smt
196.6775,-68.71375,-90.0,top,U1,,,SOT-223,ZSR330GTA,smt
186.0775,-64.33875,90.0,top,U2,,,SOT-223,ZSR500GTA,smt
189.43,-89.27625,0.0,top,U3,,,DIP-6_W7.62mm_LongPads,4N35,tht
170.575,-98.64,0.0,top,U4,,,SOIC-8_3.9x4.9mm_P1.27mm,23LC1024,smt
142.975,-99.7,0.0,top,U5,,,SSOP-28_5.3x10.2mm_P0.65mm,LTC1855,smt
145.255,-53.56,0.0,top,uP1,,,ArduProMini,Arduino Pro Mini,tht
