﻿Designator,Quantity,Value,Footprint,Package,MPN,DNP,Mount_Type,Description
"C1, C17, C2, C3, C4",5,1uF,C_0805_2012Metric_Pad1.18x1.45mm_HandSolder,,,,smt,Unpolarized capacitor
"C10, C11, C14, C20",4,10uF Tant,C_1206_3216Metric_Pad1.33x1.80mm_HandSolder,,,,smt,Polarized capacitor
"C12, C13, C16",3,100nF,C_0805_2012Metric_Pad1.18x1.45mm_HandSolder,,,,smt,Unpolarized capacitor
C5,1,1uF 50V Ceramic,C_0805_2012Metric_Pad1.18x1.45mm_HandSolder,,,,smt,Unpolarized capacitor
C6,1,100 nF,C_0805_2012Metric_Pad1.18x1.45mm_HandSolder,,,,smt,Unpolarized capacitor
C8,1,3000pF,C_0805_2012Metric_Pad1.18x1.45mm_HandSolder,,,,smt,Unpolarized capacitor
C9,1,100nf,C_0805_2012Metric_Pad1.18x1.45mm_HandSolder,,,,smt,Unpolarized capacitor
J1,1,Serial,PinHeader_1x03_P2.54mm_Vertical,,,,tht,"Generic connector, single row, 01x03, script generated"
J2,1,RGB LED,PinHeader_1x04_P2.54mm_Vertical,,,,tht,"Generic connector, single row, 01x04, script generated (kicad-library-utils/schlib/autogen/connector/)"
J3,1,Arduino Out 1,PinHeader_1x12_P2.54mm_Vertical,,,,tht,"Generic connector, single row, 01x12, script generated (kicad-library-utils/schlib/autogen/connector/)"
J4,1,Arduino Out 2,PinHeader_1x12_P2.54mm_Vertical,,,,tht,"Generic connector, single row, 01x12, script generated (kicad-library-utils/schlib/autogen/connector/)"
J5,1,MOSFET Gates,PinHeader_1x01_P2.54mm_Vertical,,,,tht,"Generic connector, single row, 01x01, script generated"
J6,1,Signal In,PinHeader_1x03_P2.54mm_Vertical,,,,tht,"Generic connector, single row, 01x03, script generated"
P1,1,Power In,PinHeader_1x02_P2.54mm_Vertical,,,,tht,Symbole general de connecteur
P2,1,PushButton,PinHeader_1x02_P2.54mm_Vertical,,,,tht,Symbole general de connecteur
R1,1,470 Ohm,R_Axial_DIN0309_L9.0mm_D3.2mm_P12.70mm_Horizontal,,,,tht,Resistor
R2,1,100 Ohm,R_0805_2012Metric_Pad1.20x1.40mm_HandSolder,,,,smt,Resistor
"R3, R4, R5",3,220 Ohm,R_0805_2012Metric_Pad1.20x1.40mm_HandSolder,,,,smt,Resistor
U1,1,ZSR330GTA,SOT-223,,,,smt,
U2,1,ZSR500GTA,SOT-223,,,,smt,
U3,1,4N35,DIP-6_W7.62mm_LongPads,,,,tht,"Optocoupler, Phototransistor Output, with Base Connection, Vce 70V, CTR 100%, Viso 5000V, DIP6"
U4,1,23LC1024,SOIC-8_3.9x4.9mm_P1.27mm,,,,smt,SRAM 1024 MB
U5,1,LTC1855,SSOP-28_5.3x10.2mm_P0.65mm,,,,smt,14-bit 100ksps ADC SPI
uP1,1,Arduino Pro Mini,ArduProMini,,,,tht,
